date,city_code,tmv_city_crores,company,ms_pct,seq_no
01-Jan-22,400001,286.29,xyz,21.2,1
01-Jan-22,110001,241.59,xyz,17.68,2
01-Jan-22,700001,222.19,xyz,16.61,3
01-Jan-22,560001,195.41,xyz,19.14,4
01-Jan-22,600001,166.78,xyz,18.47,5
01-Jan-22,500001,148.68,xyz,19,6
01-Jan-22,411001,141.3,xyz,17.14,7
01-Jan-22,380001,110.08,xyz,19.05,8
01-Jan-22,302001,79.05,xyz,28.1,9
01-Jan-22,226001,67.6,xyz,17.54,10
01-Jan-22,800008,55.78,xyz,26.15,11
01-Jan-22,641001,50.24,xyz,15.57,12
01-Jan-22,160017,36.57,xyz,17.36,13
01-Jan-22,122001,27.89,xyz,19.07,14
01-Jan-22,492001,17.55,xyz,24.35,15
01-Feb-22,400001,328.6,xyz,18.62,16
01-Feb-22,110001,277.3,xyz,19.54,17
01-Feb-22,700001,255.04,xyz,15.48,18
01-Feb-22,560001,224.3,xyz,20.98,19
01-Feb-22,600001,191.44,xyz,29.2,20
01-Feb-22,500001,170.66,xyz,20.2,21
01-Feb-22,411001,162.18,xyz,17.67,22
01-Feb-22,380001,126.35,xyz,16.33,23
01-Feb-22,302001,90.74,xyz,17.27,24
01-Feb-22,226001,77.59,xyz,31.93,25
01-Feb-22,800008,64.02,xyz,18.3,26
01-Feb-22,641001,57.66,xyz,20.71,27
01-Feb-22,160017,41.98,xyz,15.11,28
01-Feb-22,122001,32.01,xyz,29.52,29
01-Feb-22,492001,20.14,xyz,20.99,30
01-Mar-22,400001,305.81,xyz,18.73,31
01-Mar-22,110001,258.07,xyz,18.98,32
01-Mar-22,700001,237.35,xyz,28.36,33
01-Mar-22,560001,208.74,xyz,20.06,34
01-Mar-22,600001,178.16,xyz,17.12,35
01-Mar-22,500001,158.83,xyz,17.6,36
01-Mar-22,411001,150.93,xyz,20.43,37
01-Mar-22,380001,117.59,xyz,24.62,38
01-Mar-22,302001,84.44,xyz,20.25,39
01-Mar-22,226001,72.21,xyz,20.68,40
01-Mar-22,800008,59.58,xyz,17.83,41
01-Mar-22,641001,53.67,xyz,31.89,42
01-Mar-22,160017,39.07,xyz,19.23,43
01-Mar-22,122001,29.79,xyz,20.26,44
01-Mar-22,492001,18.74,xyz,18.48,45
01-Apr-22,400001,324.26,xyz,20.12,46
01-Apr-22,110001,273.63,xyz,18.46,47
01-Apr-22,700001,251.67,xyz,19.41,48
01-Apr-22,560001,221.33,xyz,19.13,49
01-Apr-22,600001,188.91,xyz,17.43,50
01-Apr-22,500001,168.41,xyz,16.6,51
01-Apr-22,411001,160.04,xyz,28.7,52
01-Apr-22,380001,124.68,xyz,19.2,53
01-Apr-22,302001,89.54,xyz,16.87,54
01-Apr-22,226001,76.57,xyz,17.33,55
01-Apr-22,800008,63.18,xyz,18.69,56
01-Apr-22,641001,56.9,xyz,15.45,57
01-Apr-22,160017,41.42,xyz,25.31,58
01-Apr-22,122001,31.59,xyz,19.99,59
01-Apr-22,492001,19.87,xyz,18.74,60
01-Jun-22,400001,308,xyz,20.16,61
01-Jun-22,110001,253.61,xyz,16.61,62
01-Jun-22,700001,235.88,xyz,15.59,63
01-Jun-22,560001,211.24,xyz,18,64
01-Jun-22,600001,174.99,xyz,17.46,65
01-Jun-22,500001,157.64,xyz,17.82,66
01-Jun-22,411001,152.13,xyz,16.23,67
01-Jun-22,380001,115.47,xyz,18.05,68
01-Jun-22,302001,85.72,xyz,26.66,69
01-Jun-22,226001,73.7,xyz,16.68,70
01-Jun-22,800008,60.5,xyz,24.91,71
01-Jun-22,641001,53.6,xyz,14.73,72
01-Jun-22,160017,39.02,xyz,16.42,73
01-Jun-22,122001,30.35,xyz,18.13,74
01-Jun-22,492001,18.92,xyz,23.1,75
01-Jul-22,400001,348.85,xyz,17.17,76
01-Jul-22,110001,287.25,xyz,17.86,77
01-Jul-22,700001,267.16,xyz,14.27,78
01-Jul-22,560001,239.26,xyz,19.27,79
01-Jul-22,600001,198.2,xyz,27.18,80
01-Jul-22,500001,178.56,xyz,18.66,81
01-Jul-22,411001,172.31,xyz,16.24,82
01-Jul-22,380001,130.79,xyz,14.86,83
01-Jul-22,302001,97.09,xyz,15.75,84
01-Jul-22,226001,83.47,xyz,29.67,85
01-Jul-22,800008,68.52,xyz,16.75,86
01-Jul-22,641001,60.71,xyz,19,87
01-Jul-22,160017,44.19,xyz,13.83,88
01-Jul-22,122001,34.37,xyz,27.26,89
01-Jul-22,492001,21.43,xyz,19.48,90
01-Aug-22,400001,333.45,xyz,17.5,91
01-Aug-22,110001,274.57,xyz,17.82,92
01-Aug-22,700001,255.37,xyz,27.02,93
01-Aug-22,560001,228.7,xyz,19.06,94
01-Aug-22,600001,189.45,xyz,15.98,95
01-Aug-22,500001,170.67,xyz,16.61,96
01-Aug-22,411001,164.7,xyz,19.22,97
01-Aug-22,380001,125.02,xyz,23.38,98
01-Aug-22,302001,92.8,xyz,19.08,99
01-Aug-22,226001,79.79,xyz,19.64,100
01-Aug-22,800008,65.5,xyz,16.87,101
01-Aug-22,641001,58.03,xyz,30.5,102
01-Aug-22,160017,42.24,xyz,18.15,103
01-Aug-22,122001,32.85,xyz,19.2,104
01-Aug-22,492001,20.48,xyz,17.54,105
01-Sep-22,400001,349.97,xyz,18.52,106
01-Sep-22,110001,288.17,xyz,16.82,107
01-Sep-22,700001,268.02,xyz,17.89,108
01-Sep-22,560001,240.03,xyz,17.59,109
01-Sep-22,600001,198.83,xyz,15.87,110
01-Sep-22,500001,179.13,xyz,15.26,111
01-Sep-22,411001,172.86,xyz,26.49,112
01-Sep-22,380001,131.21,xyz,17.58,113
01-Sep-22,302001,97.4,xyz,15.33,114
01-Sep-22,226001,83.74,xyz,15.86,115
01-Sep-22,800008,68.74,xyz,17.25,116
01-Sep-22,641001,60.9,xyz,14.1,117
01-Sep-22,160017,44.33,xyz,23.29,118
01-Sep-22,122001,34.48,xyz,18.42,119
01-Sep-22,492001,21.5,xyz,17.33,120
01-Jan-22,400001,286.29,Britel,25.45,121
01-Jan-22,110001,241.59,Britel,29.34,122
01-Jan-22,700001,222.19,Britel,27.85,123
01-Jan-22,560001,195.41,Britel,33.97,124
01-Jan-22,600001,166.78,Britel,31.44,125
01-Jan-22,500001,148.68,Britel,30.93,126
01-Jan-22,411001,141.3,Britel,34.31,127
01-Jan-22,380001,110.08,Britel,30.45,128
01-Jan-22,302001,79.05,Britel,18.47,129
01-Jan-22,226001,67.6,Britel,32.71,130
01-Jan-22,800008,55.78,Britel,20.17,131
01-Jan-22,641001,50.24,Britel,30.53,132
01-Jan-22,160017,36.57,Britel,32.97,133
01-Jan-22,122001,27.89,Britel,27.41,134
01-Jan-22,492001,17.55,Britel,20.31,135
01-Feb-22,400001,328.6,Britel,27.42,136
01-Feb-22,110001,277.3,Britel,30.36,137
01-Feb-22,700001,255.04,Britel,31.02,138
01-Feb-22,560001,224.3,Britel,30.34,139
01-Feb-22,600001,191.44,Britel,21.66,140
01-Feb-22,500001,170.66,Britel,23.47,141
01-Feb-22,411001,162.18,Britel,32.57,142
01-Feb-22,380001,126.35,Britel,27.25,143
01-Feb-22,302001,90.74,Britel,31.9,144
01-Feb-22,226001,77.59,Britel,17.33,145
01-Feb-22,800008,64.02,Britel,31.64,146
01-Feb-22,641001,57.66,Britel,29.09,147
01-Feb-22,160017,41.98,Britel,29.39,148
01-Feb-22,122001,32.01,Britel,19.87,149
01-Feb-22,492001,20.14,Britel,26.89,150
01-Mar-22,400001,305.81,Britel,32.14,151
01-Mar-22,110001,258.07,Britel,31.97,152
01-Mar-22,700001,237.35,Britel,19.64,153
01-Mar-22,560001,208.74,Britel,28.13,154
01-Mar-22,600001,178.16,Britel,24.17,155
01-Mar-22,500001,158.83,Britel,31.95,156
01-Mar-22,411001,150.93,Britel,28.19,157
01-Mar-22,380001,117.59,Britel,20.42,158
01-Mar-22,302001,84.44,Britel,26.67,159
01-Mar-22,226001,72.21,Britel,24.99,160
01-Mar-22,800008,59.58,Britel,25.96,161
01-Mar-22,641001,53.67,Britel,18.31,162
01-Mar-22,160017,39.07,Britel,26,163
01-Mar-22,122001,29.79,Britel,31,164
01-Mar-22,492001,18.74,Britel,25.32,165
01-Apr-22,400001,324.26,Britel,28.26,166
01-Apr-22,110001,273.63,Britel,30.41,167
01-Apr-22,700001,251.67,Britel,27,168
01-Apr-22,560001,221.33,Britel,26.36,169
01-Apr-22,600001,188.91,Britel,32.23,170
01-Apr-22,500001,168.41,Britel,29.48,171
01-Apr-22,411001,160.04,Britel,19.73,172
01-Apr-22,380001,124.68,Britel,28.14,173
01-Apr-22,302001,89.54,Britel,30.37,174
01-Apr-22,226001,76.57,Britel,27.86,175
01-Apr-22,800008,63.18,Britel,28.65,176
01-Apr-22,641001,56.9,Britel,28.8,177
01-Apr-22,160017,41.42,Britel,17.34,178
01-Apr-22,122001,31.59,Britel,25.59,179
01-Apr-22,492001,19.87,Britel,23.98,180
01-Jun-22,400001,308,Britel,25.79,181
01-Jun-22,110001,253.61,Britel,29.72,182
01-Jun-22,700001,235.88,Britel,28.19,183
01-Jun-22,560001,211.24,Britel,34.45,184
01-Jun-22,600001,174.99,Britel,31.83,185
01-Jun-22,500001,157.64,Britel,31.38,186
01-Jun-22,411001,152.13,Britel,34.69,187
01-Jun-22,380001,115.47,Britel,30.83,188
01-Jun-22,302001,85.72,Britel,18.84,189
01-Jun-22,226001,73.7,Britel,33.05,190
01-Jun-22,800008,60.5,Britel,20.51,191
01-Jun-22,641001,53.6,Britel,30.84,192
01-Jun-22,160017,39.02,Britel,33.35,193
01-Jun-22,122001,30.35,Britel,27.73,194
01-Jun-22,492001,18.92,Britel,20.64,195
01-Jul-22,400001,348.85,Britel,27.91,196
01-Jul-22,110001,287.25,Britel,31,197
01-Jul-22,700001,267.16,Britel,31.46,198
01-Jul-22,560001,239.26,Britel,31,199
01-Jul-22,600001,198.2,Britel,22.28,200
01-Jul-22,500001,178.56,Britel,23.92,201
01-Jul-22,411001,172.31,Britel,33.14,202
01-Jul-22,380001,130.79,Britel,27.73,203
01-Jul-22,302001,97.09,Britel,32.48,204
01-Jul-22,226001,83.47,Britel,17.9,205
01-Jul-22,800008,68.52,Britel,32.24,206
01-Jul-22,641001,60.71,Britel,29.72,207
01-Jul-22,160017,44.19,Britel,29.83,208
01-Jul-22,122001,34.37,Britel,20.51,209
01-Jul-22,492001,21.43,Britel,27.41,210
01-Aug-22,400001,333.45,Britel,32.63,211
01-Aug-22,110001,274.57,Britel,32.43,212
01-Aug-22,700001,255.37,Britel,20.01,213
01-Aug-22,560001,228.7,Britel,28.48,214
01-Aug-22,600001,189.45,Britel,24.5,215
01-Aug-22,500001,170.67,Britel,32.33,216
01-Aug-22,411001,164.7,Britel,28.62,217
01-Aug-22,380001,125.02,Britel,20.76,218
01-Aug-22,302001,92.8,Britel,27.06,219
01-Aug-22,226001,79.79,Britel,25.32,220
01-Aug-22,800008,65.5,Britel,26.26,221
01-Aug-22,641001,58.03,Britel,18.68,222
01-Aug-22,160017,42.24,Britel,26.35,223
01-Aug-22,122001,32.85,Britel,31.41,224
01-Aug-22,492001,20.48,Britel,25.61,225
01-Sep-22,400001,349.97,Britel,28.82,226
01-Sep-22,110001,288.17,Britel,31.02,227
01-Sep-22,700001,268.02,Britel,27.51,228
01-Sep-22,560001,240.03,Britel,26.86,229
01-Sep-22,600001,198.83,Britel,32.84,230
01-Sep-22,500001,179.13,Britel,29.95,231
01-Sep-22,411001,172.86,Britel,20.34,232
01-Sep-22,380001,131.21,Britel,28.71,233
01-Sep-22,302001,97.4,Britel,30.93,234
01-Sep-22,226001,83.74,Britel,28.36,235
01-Sep-22,800008,68.74,Britel,29.16,236
01-Sep-22,641001,60.9,Britel,29.26,237
01-Sep-22,160017,44.33,Britel,17.81,238
01-Sep-22,122001,34.48,Britel,26.09,239
01-Sep-22,492001,21.5,Britel,24.4,240
01-Jan-22,400001,286.29,PIO,33.96,241
01-Jan-22,110001,241.59,PIO,35.77,242
01-Jan-22,700001,222.19,PIO,38.08,243
01-Jan-22,560001,195.41,PIO,33.01,244
01-Jan-22,600001,166.78,PIO,35.89,245
01-Jan-22,500001,148.68,PIO,34.05,246
01-Jan-22,411001,141.3,PIO,31.34,247
01-Jan-22,380001,110.08,PIO,32.08,248
01-Jan-22,302001,79.05,PIO,34.92,249
01-Jan-22,226001,67.6,PIO,31.28,250
01-Jan-22,800008,55.78,PIO,34.18,251
01-Jan-22,641001,50.24,PIO,36.64,252
01-Jan-22,160017,36.57,PIO,32.49,253
01-Jan-22,122001,27.89,PIO,35.33,254
01-Jan-22,492001,17.55,PIO,36.4,255
01-Feb-22,400001,328.6,PIO,36.83,256
01-Feb-22,110001,277.3,PIO,34.01,257
01-Feb-22,700001,255.04,PIO,36.01,258
01-Feb-22,560001,224.3,PIO,32.01,259
01-Feb-22,600001,191.44,PIO,31.77,260
01-Feb-22,500001,170.66,PIO,38.65,261
01-Feb-22,411001,162.18,PIO,33.9,262
01-Feb-22,380001,126.35,PIO,39.9,263
01-Feb-22,302001,90.74,PIO,33.52,264
01-Feb-22,226001,77.59,PIO,36.25,265
01-Feb-22,800008,64.02,PIO,31.56,266
01-Feb-22,641001,57.66,PIO,33.12,267
01-Feb-22,160017,41.98,PIO,35.37,268
01-Feb-22,122001,32.01,PIO,33.47,269
01-Feb-22,492001,20.14,PIO,35.36,270
01-Mar-22,400001,305.81,PIO,30.23,271
01-Mar-22,110001,258.07,PIO,33.16,272
01-Mar-22,700001,237.35,PIO,35.97,273
01-Mar-22,560001,208.74,PIO,33.78,274
01-Mar-22,600001,178.16,PIO,39.75,275
01-Mar-22,500001,158.83,PIO,32.13,276
01-Mar-22,411001,150.93,PIO,31.64,277
01-Mar-22,380001,117.59,PIO,37.88,278
01-Mar-22,302001,84.44,PIO,36.97,279
01-Mar-22,226001,72.21,PIO,37.79,280
01-Mar-22,800008,59.58,PIO,39.39,281
01-Mar-22,641001,53.67,PIO,32.85,282
01-Mar-22,160017,39.07,PIO,35.12,283
01-Mar-22,122001,29.79,PIO,33.91,284
01-Mar-22,492001,18.74,PIO,39.01,285
01-Apr-22,400001,324.26,PIO,32.22,286
01-Apr-22,110001,273.63,PIO,35.81,287
01-Apr-22,700001,251.67,PIO,38.01,288
01-Apr-22,560001,221.33,PIO,35.26,289
01-Apr-22,600001,188.91,PIO,33.15,290
01-Apr-22,500001,168.41,PIO,36.01,291
01-Apr-22,411001,160.04,PIO,37.08,292
01-Apr-22,380001,124.68,PIO,35.13,293
01-Apr-22,302001,89.54,PIO,33.23,294
01-Apr-22,226001,76.57,PIO,37.19,295
01-Apr-22,800008,63.18,PIO,35.35,296
01-Apr-22,641001,56.9,PIO,37.29,297
01-Apr-22,160017,41.42,PIO,40.37,298
01-Apr-22,122001,31.59,PIO,36.74,299
01-Apr-22,492001,19.87,PIO,37.27,300
01-Jun-22,400001,308,PIO,34.41,301
01-Jun-22,110001,253.61,PIO,36.23,302
01-Jun-22,700001,235.88,PIO,38.55,303
01-Jun-22,560001,211.24,PIO,33.48,304
01-Jun-22,600001,174.99,PIO,36.33,305
01-Jun-22,500001,157.64,PIO,34.55,306
01-Jun-22,411001,152.13,PIO,31.69,307
01-Jun-22,380001,115.47,PIO,32.48,308
01-Jun-22,302001,85.72,PIO,35.62,309
01-Jun-22,226001,73.7,PIO,31.61,310
01-Jun-22,800008,60.5,PIO,34.75,311
01-Jun-22,641001,53.6,PIO,37.01,312
01-Jun-22,160017,39.02,PIO,32.86,313
01-Jun-22,122001,30.35,PIO,35.74,314
01-Jun-22,492001,18.92,PIO,37,315
01-Jul-22,400001,348.85,PIO,37.49,316
01-Jul-22,110001,287.25,PIO,34.72,317
01-Jul-22,700001,267.16,PIO,36.53,318
01-Jul-22,560001,239.26,PIO,32.7,319
01-Jul-22,600001,198.2,PIO,32.68,320
01-Jul-22,500001,178.56,PIO,39.39,321
01-Jul-22,411001,172.31,PIO,34.49,322
01-Jul-22,380001,130.79,PIO,40.6,323
01-Jul-22,302001,97.09,PIO,34.13,324
01-Jul-22,226001,83.47,PIO,37.45,325
01-Jul-22,800008,68.52,PIO,32.16,326
01-Jul-22,641001,60.71,PIO,33.83,327
01-Jul-22,160017,44.19,PIO,35.9,328
01-Jul-22,122001,34.37,PIO,34.54,329
01-Jul-22,492001,21.43,PIO,36.04,330
01-Aug-22,400001,333.45,PIO,30.69,331
01-Aug-22,110001,274.57,PIO,33.63,332
01-Aug-22,700001,255.37,PIO,36.64,333
01-Aug-22,560001,228.7,PIO,34.2,334
01-Aug-22,600001,189.45,PIO,40.3,335
01-Aug-22,500001,170.67,PIO,32.52,336
01-Aug-22,411001,164.7,PIO,32.12,337
01-Aug-22,380001,125.02,PIO,38.5,338
01-Aug-22,302001,92.8,PIO,37.51,339
01-Aug-22,226001,79.79,PIO,38.28,340
01-Aug-22,800008,65.5,PIO,39.85,341
01-Aug-22,641001,58.03,PIO,33.52,342
01-Aug-22,160017,42.24,PIO,35.59,343
01-Aug-22,122001,32.85,PIO,34.36,344
01-Aug-22,492001,20.48,PIO,39.46,345
01-Sep-22,400001,349.97,PIO,32.86,346
01-Sep-22,110001,288.17,PIO,36.53,347
01-Sep-22,700001,268.02,PIO,38.73,348
01-Sep-22,560001,240.03,PIO,35.93,349
01-Sep-22,600001,198.83,PIO,33.77,350
01-Sep-22,500001,179.13,PIO,36.59,351
01-Sep-22,411001,172.86,PIO,38.23,352
01-Sep-22,380001,131.21,PIO,35.84,353
01-Sep-22,302001,97.4,PIO,33.85,354
01-Sep-22,226001,83.74,PIO,37.85,355
01-Sep-22,800008,68.74,PIO,35.98,356
01-Sep-22,641001,60.9,PIO,37.88,357
01-Sep-22,160017,44.33,PIO,41.46,358
01-Sep-22,122001,34.48,PIO,37.46,359
01-Sep-22,492001,21.5,PIO,37.92,360
01-Jan-22,400001,286.29,DADAFONE,11.87,361
01-Jan-22,110001,241.59,DADAFONE,10.64,362
01-Jan-22,700001,222.19,DADAFONE,9.53,363
01-Jan-22,560001,195.41,DADAFONE,8.42,364
01-Jan-22,600001,166.78,DADAFONE,7.17,365
01-Jan-22,500001,148.68,DADAFONE,8.67,366
01-Jan-22,411001,141.3,DADAFONE,8.76,367
01-Jan-22,380001,110.08,DADAFONE,11.88,368
01-Jan-22,302001,79.05,DADAFONE,12.19,369
01-Jan-22,226001,67.6,DADAFONE,13.12,370
01-Jan-22,800008,55.78,DADAFONE,12.14,371
01-Jan-22,641001,50.24,DADAFONE,8.24,372
01-Jan-22,160017,36.57,DADAFONE,8.37,373
01-Jan-22,122001,27.89,DADAFONE,10.22,374
01-Jan-22,492001,17.55,DADAFONE,12.36,375
01-Feb-22,400001,328.6,DADAFONE,11.47,376
01-Feb-22,110001,277.3,DADAFONE,8.9,377
01-Feb-22,700001,255.04,DADAFONE,9.77,378
01-Feb-22,560001,224.3,DADAFONE,9.27,379
01-Feb-22,600001,191.44,DADAFONE,9.4,380
01-Feb-22,500001,170.66,DADAFONE,11.52,381
01-Feb-22,411001,162.18,DADAFONE,8.39,382
01-Feb-22,380001,126.35,DADAFONE,8.48,383
01-Feb-22,302001,90.74,DADAFONE,11.18,384
01-Feb-22,226001,77.59,DADAFONE,8.94,385
01-Feb-22,800008,64.02,DADAFONE,10.87,386
01-Feb-22,641001,57.66,DADAFONE,9.68,387
01-Feb-22,160017,41.98,DADAFONE,11.25,388
01-Feb-22,122001,32.01,DADAFONE,8.69,389
01-Feb-22,492001,20.14,DADAFONE,10.25,390
01-Mar-22,400001,305.81,DADAFONE,11.66,391
01-Mar-22,110001,258.07,DADAFONE,7.72,392
01-Mar-22,700001,237.35,DADAFONE,8.88,393
01-Mar-22,560001,208.74,DADAFONE,11.17,394
01-Mar-22,600001,178.16,DADAFONE,12.83,395
01-Mar-22,500001,158.83,DADAFONE,11.53,396
01-Mar-22,411001,150.93,DADAFONE,12.37,397
01-Mar-22,380001,117.59,DADAFONE,10.09,398
01-Mar-22,302001,84.44,DADAFONE,10.65,399
01-Mar-22,226001,72.21,DADAFONE,8.7,400
01-Mar-22,800008,59.58,DADAFONE,10.49,401
01-Mar-22,641001,53.67,DADAFONE,8.22,402
01-Mar-22,160017,39.07,DADAFONE,10.5,403
01-Mar-22,122001,29.79,DADAFONE,8.08,404
01-Mar-22,492001,18.74,DADAFONE,9.49,405
01-Apr-22,400001,324.26,DADAFONE,12.18,406
01-Apr-22,110001,273.63,DADAFONE,9.46,407
01-Apr-22,700001,251.67,DADAFONE,9.18,408
01-Apr-22,560001,221.33,DADAFONE,11.46,409
01-Apr-22,600001,188.91,DADAFONE,9.52,410
01-Apr-22,500001,168.41,DADAFONE,9.09,411
01-Apr-22,411001,160.04,DADAFONE,8.02,412
01-Apr-22,380001,124.68,DADAFONE,10.89,413
01-Apr-22,302001,89.54,DADAFONE,12.47,414
01-Apr-22,226001,76.57,DADAFONE,11.29,415
01-Apr-22,800008,63.18,DADAFONE,11.54,416
01-Apr-22,641001,56.9,DADAFONE,11.35,417
01-Apr-22,160017,41.42,DADAFONE,9.82,418
01-Apr-22,122001,31.59,DADAFONE,10.52,419
01-Apr-22,492001,19.87,DADAFONE,12.31,420
01-Jun-22,400001,308,DADAFONE,12.03,421
01-Jun-22,110001,253.61,DADAFONE,10.78,422
01-Jun-22,700001,235.88,DADAFONE,9.65,423
01-Jun-22,560001,211.24,DADAFONE,8.54,424
01-Jun-22,600001,174.99,DADAFONE,7.26,425
01-Jun-22,500001,157.64,DADAFONE,8.8,426
01-Jun-22,411001,152.13,DADAFONE,8.86,427
01-Jun-22,380001,115.47,DADAFONE,12.03,428
01-Jun-22,302001,85.72,DADAFONE,12.43,429
01-Jun-22,226001,73.7,DADAFONE,13.26,430
01-Jun-22,800008,60.5,DADAFONE,12.34,431
01-Jun-22,641001,53.6,DADAFONE,8.32,432
01-Jun-22,160017,39.02,DADAFONE,8.47,433
01-Jun-22,122001,30.35,DADAFONE,10.34,434
01-Jun-22,492001,18.92,DADAFONE,12.56,435
01-Jul-22,400001,348.85,DADAFONE,11.67,436
01-Jul-22,110001,287.25,DADAFONE,9.09,437
01-Jul-22,700001,267.16,DADAFONE,9.91,438
01-Jul-22,560001,239.26,DADAFONE,9.47,439
01-Jul-22,600001,198.2,DADAFONE,9.67,440
01-Jul-22,500001,178.56,DADAFONE,11.74,441
01-Jul-22,411001,172.31,DADAFONE,8.54,442
01-Jul-22,380001,130.79,DADAFONE,8.63,443
01-Jul-22,302001,97.09,DADAFONE,11.38,444
01-Jul-22,226001,83.47,DADAFONE,9.24,445
01-Jul-22,800008,68.52,DADAFONE,11.08,446
01-Jul-22,641001,60.71,DADAFONE,9.89,447
01-Jul-22,160017,44.19,DADAFONE,11.42,448
01-Jul-22,122001,34.37,DADAFONE,8.97,449
01-Jul-22,492001,21.43,DADAFONE,10.45,450
01-Aug-22,400001,333.45,DADAFONE,11.84,451
01-Aug-22,110001,274.57,DADAFONE,7.83,452
01-Aug-22,700001,255.37,DADAFONE,9.05,453
01-Aug-22,560001,228.7,DADAFONE,11.31,454
01-Aug-22,600001,189.45,DADAFONE,13.01,455
01-Aug-22,500001,170.67,DADAFONE,11.67,456
01-Aug-22,411001,164.7,DADAFONE,12.56,457
01-Aug-22,380001,125.02,DADAFONE,10.26,458
01-Aug-22,302001,92.8,DADAFONE,10.81,459
01-Aug-22,226001,79.79,DADAFONE,8.81,460
01-Aug-22,800008,65.5,DADAFONE,10.61,461
01-Aug-22,641001,58.03,DADAFONE,8.39,462
01-Aug-22,160017,42.24,DADAFONE,10.64,463
01-Aug-22,122001,32.85,DADAFONE,8.19,464
01-Aug-22,492001,20.48,DADAFONE,9.6,465
01-Sep-22,400001,349.97,DADAFONE,12.42,466
01-Sep-22,110001,288.17,DADAFONE,9.65,467
01-Sep-22,700001,268.02,DADAFONE,9.35,468
01-Sep-22,560001,240.03,DADAFONE,11.68,469
01-Sep-22,600001,198.83,DADAFONE,9.7,470
01-Sep-22,500001,179.13,DADAFONE,9.24,471
01-Sep-22,411001,172.86,DADAFONE,8.27,472
01-Sep-22,380001,131.21,DADAFONE,11.11,473
01-Sep-22,302001,97.4,DADAFONE,12.7,474
01-Sep-22,226001,83.74,DADAFONE,11.49,475
01-Sep-22,800008,68.74,DADAFONE,11.74,476
01-Sep-22,641001,60.9,DADAFONE,11.53,477
01-Sep-22,160017,44.33,DADAFONE,10.09,478
01-Sep-22,122001,34.48,DADAFONE,10.73,479
01-Sep-22,492001,21.5,DADAFONE,12.52,480
01-Jan-22,400001,286.29,Others,7.52,481
01-Jan-22,110001,241.59,Others,6.57,482
01-Jan-22,700001,222.19,Others,7.93,483
01-Jan-22,560001,195.41,Others,5.46,484
01-Jan-22,600001,166.78,Others,7.03,485
01-Jan-22,500001,148.68,Others,7.35,486
01-Jan-22,411001,141.3,Others,8.45,487
01-Jan-22,380001,110.08,Others,6.54,488
01-Jan-22,302001,79.05,Others,6.32,489
01-Jan-22,226001,67.6,Others,5.35,490
01-Jan-22,800008,55.78,Others,7.36,491
01-Jan-22,641001,50.24,Others,9.02,492
01-Jan-22,160017,36.57,Others,8.81,493
01-Jan-22,122001,27.89,Others,7.97,494
01-Jan-22,492001,17.55,Others,6.58,495
01-Feb-22,400001,328.6,Others,5.66,496
01-Feb-22,110001,277.3,Others,7.19,497
01-Feb-22,700001,255.04,Others,7.72,498
01-Feb-22,560001,224.3,Others,7.4,499
01-Feb-22,600001,191.44,Others,7.97,500
01-Feb-22,500001,170.66,Others,6.16,501
01-Feb-22,411001,162.18,Others,7.47,502
01-Feb-22,380001,126.35,Others,8.04,503
01-Feb-22,302001,90.74,Others,6.13,504
01-Feb-22,226001,77.59,Others,5.55,505
01-Feb-22,800008,64.02,Others,7.63,506
01-Feb-22,641001,57.66,Others,7.4,507
01-Feb-22,160017,41.98,Others,8.88,508
01-Feb-22,122001,32.01,Others,8.45,509
01-Feb-22,492001,20.14,Others,6.51,510
01-Mar-22,400001,305.81,Others,7.24,511
01-Mar-22,110001,258.07,Others,8.17,512
01-Mar-22,700001,237.35,Others,7.15,513
01-Mar-22,560001,208.74,Others,6.86,514
01-Mar-22,600001,178.16,Others,6.13,515
01-Mar-22,500001,158.83,Others,6.79,516
01-Mar-22,411001,150.93,Others,7.37,517
01-Mar-22,380001,117.59,Others,6.99,518
01-Mar-22,302001,84.44,Others,5.46,519
01-Mar-22,226001,72.21,Others,7.84,520
01-Mar-22,800008,59.58,Others,6.33,521
01-Mar-22,641001,53.67,Others,8.73,522
01-Mar-22,160017,39.07,Others,9.15,523
01-Mar-22,122001,29.79,Others,6.75,524
01-Mar-22,492001,18.74,Others,7.7,525
01-Apr-22,400001,324.26,Others,7.22,526
01-Apr-22,110001,273.63,Others,5.86,527
01-Apr-22,700001,251.67,Others,6.4,528
01-Apr-22,560001,221.33,Others,7.79,529
01-Apr-22,600001,188.91,Others,7.67,530
01-Apr-22,500001,168.41,Others,8.82,531
01-Apr-22,411001,160.04,Others,6.47,532
01-Apr-22,380001,124.68,Others,6.64,533
01-Apr-22,302001,89.54,Others,7.06,534
01-Apr-22,226001,76.57,Others,6.33,535
01-Apr-22,800008,63.18,Others,5.77,536
01-Apr-22,641001,56.9,Others,7.11,537
01-Apr-22,160017,41.42,Others,7.16,538
01-Apr-22,122001,31.59,Others,7.16,539
01-Apr-22,492001,19.87,Others,7.7,540
01-Jun-22,400001,308,Others,7.62,541
01-Jun-22,110001,253.61,Others,6.66,542
01-Jun-22,700001,235.88,Others,8.03,543
01-Jun-22,560001,211.24,Others,5.54,544
01-Jun-22,600001,174.99,Others,7.12,545
01-Jun-22,500001,157.64,Others,7.46,546
01-Jun-22,411001,152.13,Others,8.54,547
01-Jun-22,380001,115.47,Others,6.62,548
01-Jun-22,302001,85.72,Others,6.45,549
01-Jun-22,226001,73.7,Others,5.41,550
01-Jun-22,800008,60.5,Others,7.48,551
01-Jun-22,641001,53.6,Others,9.11,552
01-Jun-22,160017,39.02,Others,8.91,553
01-Jun-22,122001,30.35,Others,8.06,554
01-Jun-22,492001,18.92,Others,6.69,555
01-Jul-22,400001,348.85,Others,5.76,556
01-Jul-22,110001,287.25,Others,7.34,557
01-Jul-22,700001,267.16,Others,7.83,558
01-Jul-22,560001,239.26,Others,7.56,559
01-Jul-22,600001,198.2,Others,8.2,560
01-Jul-22,500001,178.56,Others,6.28,561
01-Jul-22,411001,172.31,Others,7.6,562
01-Jul-22,380001,130.79,Others,8.18,563
01-Jul-22,302001,97.09,Others,6.24,564
01-Jul-22,226001,83.47,Others,5.73,565
01-Jul-22,800008,68.52,Others,7.77,566
01-Jul-22,641001,60.71,Others,7.56,567
01-Jul-22,160017,44.19,Others,9.01,568
01-Jul-22,122001,34.37,Others,8.72,569
01-Jul-22,492001,21.43,Others,6.63,570
01-Aug-22,400001,333.45,Others,7.35,571
01-Aug-22,110001,274.57,Others,8.29,572
01-Aug-22,700001,255.37,Others,7.28,573
01-Aug-22,560001,228.7,Others,6.95,574
01-Aug-22,600001,189.45,Others,6.21,575
01-Aug-22,500001,170.67,Others,6.87,576
01-Aug-22,411001,164.7,Others,7.48,577
01-Aug-22,380001,125.02,Others,7.11,578
01-Aug-22,302001,92.8,Others,5.54,579
01-Aug-22,226001,79.79,Others,7.94,580
01-Aug-22,800008,65.5,Others,6.4,581
01-Aug-22,641001,58.03,Others,8.91,582
01-Aug-22,160017,42.24,Others,9.27,583
01-Aug-22,122001,32.85,Others,6.84,584
01-Aug-22,492001,20.48,Others,7.79,585
01-Sep-22,400001,349.97,Others,7.36,586
01-Sep-22,110001,288.17,Others,5.98,587
01-Sep-22,700001,268.02,Others,6.52,588
01-Sep-22,560001,240.03,Others,7.94,589
01-Sep-22,600001,198.83,Others,7.81,590
01-Sep-22,500001,179.13,Others,8.96,591
01-Sep-22,411001,172.86,Others,6.67,592
01-Sep-22,380001,131.21,Others,6.77,593
01-Sep-22,302001,97.4,Others,7.19,594
01-Sep-22,226001,83.74,Others,6.44,595
01-Sep-22,800008,68.74,Others,5.87,596
01-Sep-22,641001,60.9,Others,7.22,597
01-Sep-22,160017,44.33,Others,7.35,598
01-Sep-22,122001,34.48,Others,7.3,599
01-Sep-22,492001,21.5,Others,7.83,600
