date,city_code,plans,plan_revenue_crores,seq_no
01-Jan-22,400001,p1,6.26,1
01-Jan-22,110001,p1,4.58,2
01-Jan-22,700001,p1,4.29,3
01-Jan-22,560001,p1,4.26,4
01-Jan-22,600001,p1,3.6,5
01-Jan-22,500001,p1,3.26,6
01-Jan-22,411001,p1,2.27,7
01-Jan-22,380001,p1,2.68,8
01-Jan-22,302001,p1,2.46,9
01-Jan-22,226001,p1,1.64,10
01-Jan-22,800008,p1,1.8,11
01-Jan-22,641001,p1,0.81,12
01-Jan-22,160017,p1,0.73,13
01-Jan-22,122001,p1,0.48,14
01-Jan-22,492001,p1,0.49,15
01-Feb-22,400001,p1,7.86,16
01-Feb-22,110001,p1,5.43,17
01-Feb-22,700001,p1,5.36,18
01-Feb-22,560001,p1,5.47,19
01-Feb-22,600001,p1,7.02,20
01-Feb-22,500001,p1,4.16,21
01-Feb-22,411001,p1,3.44,22
01-Feb-22,380001,p1,2.22,23
01-Feb-22,302001,p1,1.51,24
01-Feb-22,226001,p1,3.17,25
01-Feb-22,800008,p1,1.4,26
01-Feb-22,641001,p1,1.33,27
01-Feb-22,160017,p1,0.54,28
01-Feb-22,122001,p1,0.9,29
01-Feb-22,492001,p1,0.47,30
01-Mar-22,400001,p1,5.66,31
01-Mar-22,110001,p1,5.84,32
01-Mar-22,700001,p1,7.54,33
01-Mar-22,560001,p1,4.97,34
01-Mar-22,600001,p1,3.33,35
01-Mar-22,500001,p1,3.37,36
01-Mar-22,411001,p1,4.18,37
01-Mar-22,380001,p1,2.99,38
01-Mar-22,302001,p1,1.88,39
01-Mar-22,226001,p1,1.8,40
01-Mar-22,800008,p1,1.06,41
01-Mar-22,641001,p1,1.96,42
01-Mar-22,160017,p1,0.94,43
01-Mar-22,122001,p1,0.66,44
01-Mar-22,492001,p1,0.38,45
01-Apr-22,400001,p1,5.6,46
01-Apr-22,110001,p1,4.66,47
01-Apr-22,700001,p1,4.51,48
01-Apr-22,560001,p1,5.13,49
01-Apr-22,600001,p1,4.53,50
01-Apr-22,500001,p1,3.01,51
01-Apr-22,411001,p1,5.52,52
01-Apr-22,380001,p1,3.45,53
01-Apr-22,302001,p1,1.83,54
01-Apr-22,226001,p1,1.7,55
01-Apr-22,800008,p1,1.48,56
01-Apr-22,641001,p1,1.08,57
01-Apr-22,160017,p1,1.22,58
01-Apr-22,122001,p1,0.64,59
01-Apr-22,492001,p1,0.46,60
01-Jun-22,400001,p1,9.83,61
01-Jun-22,110001,p1,6.18,62
01-Jun-22,700001,p1,5.64,63
01-Jun-22,560001,p1,5.94,64
01-Jun-22,600001,p1,4.63,65
01-Jun-22,500001,p1,4.07,66
01-Jun-22,411001,p1,3.51,67
01-Jun-22,380001,p1,3.07,68
01-Jun-22,302001,p1,2.93,69
01-Jun-22,226001,p1,1.78,70
01-Jun-22,800008,p1,2.61,71
01-Jun-22,641001,p1,1.05,72
01-Jun-22,160017,p1,0.94,73
01-Jun-22,122001,p1,0.73,74
01-Jun-22,492001,p1,0.67,75
01-Jul-22,400001,p1,8.71,76
01-Jul-22,110001,p1,8.32,77
01-Jul-22,700001,p1,5.59,78
01-Jul-22,560001,p1,6.83,79
01-Jul-22,600001,p1,9.07,80
01-Jul-22,500001,p1,5.83,81
01-Jul-22,411001,p1,3.66,82
01-Jul-22,380001,p1,2.86,83
01-Jul-22,302001,p1,2.26,84
01-Jul-22,226001,p1,3.37,85
01-Jul-22,800008,p1,1.52,86
01-Jul-22,641001,p1,1.68,87
01-Jul-22,160017,p1,0.92,88
01-Jul-22,122001,p1,1.47,89
01-Jul-22,492001,p1,0.7,90
01-Aug-22,400001,p1,7.68,91
01-Aug-22,110001,p1,7.48,92
01-Aug-22,700001,p1,11.46,93
01-Aug-22,560001,p1,5.99,94
01-Aug-22,600001,p1,4.35,95
01-Aug-22,500001,p1,4.09,96
01-Aug-22,411001,p1,4.74,97
01-Aug-22,380001,p1,4.54,98
01-Aug-22,302001,p1,2.65,99
01-Aug-22,226001,p1,2.3,100
01-Aug-22,800008,p1,1.71,101
01-Aug-22,641001,p1,2.44,102
01-Aug-22,160017,p1,1.18,103
01-Aug-22,122001,p1,0.87,104
01-Aug-22,492001,p1,0.54,105
01-Sep-22,400001,p1,9.5,106
01-Sep-22,110001,p1,7.5,107
01-Sep-22,700001,p1,6.92,108
01-Sep-22,560001,p1,5.62,109
01-Sep-22,600001,p1,4.64,110
01-Sep-22,500001,p1,4.02,111
01-Sep-22,411001,p1,7.42,112
01-Sep-22,380001,p1,3.73,113
01-Sep-22,302001,p1,2.31,114
01-Sep-22,226001,p1,2.23,115
01-Sep-22,800008,p1,2.04,116
01-Sep-22,641001,p1,1.35,117
01-Sep-22,160017,p1,1.43,118
01-Sep-22,122001,p1,1.02,119
01-Sep-22,492001,p1,0.54,120
01-Jan-22,400001,p2,4.87,121
01-Jan-22,110001,p2,4.01,122
01-Jan-22,700001,p2,4.01,123
01-Jan-22,560001,p2,3.76,124
01-Jan-22,600001,p2,2.82,125
01-Jan-22,500001,p2,2.42,126
01-Jan-22,411001,p2,2.05,127
01-Jan-22,380001,p2,1.92,128
01-Jan-22,302001,p2,1.98,129
01-Jan-22,226001,p2,1.22,130
01-Jan-22,800008,p2,1.53,131
01-Jan-22,641001,p2,0.58,132
01-Jan-22,160017,p2,0.61,133
01-Jan-22,122001,p2,0.42,134
01-Jan-22,492001,p2,0.35,135
01-Feb-22,400001,p2,5.64,136
01-Feb-22,110001,p2,4.77,137
01-Feb-22,700001,p2,4.59,138
01-Feb-22,560001,p2,4.77,139
01-Feb-22,600001,p2,5.95,140
01-Feb-22,500001,p2,3.12,141
01-Feb-22,411001,p2,2.66,142
01-Feb-22,380001,p2,1.62,143
01-Feb-22,302001,p2,1.21,144
01-Feb-22,226001,p2,2.8,145
01-Feb-22,800008,p2,1.06,146
01-Feb-22,641001,p2,1.03,147
01-Feb-22,160017,p2,0.51,148
01-Feb-22,122001,p2,0.79,149
01-Feb-22,492001,p2,0.4,150
01-Mar-22,400001,p2,4.93,151
01-Mar-22,110001,p2,4.38,152
01-Mar-22,700001,p2,6.21,153
01-Mar-22,560001,p2,4.51,154
01-Mar-22,600001,p2,2.5,155
01-Mar-22,500001,p2,2.7,156
01-Mar-22,411001,p2,3.19,157
01-Mar-22,380001,p2,2.89,158
01-Mar-22,302001,p2,1.52,159
01-Mar-22,226001,p2,1.42,160
01-Mar-22,800008,p2,0.91,161
01-Mar-22,641001,p2,1.72,162
01-Mar-22,160017,p2,0.85,163
01-Mar-22,122001,p2,0.5,164
01-Mar-22,492001,p2,0.33,165
01-Apr-22,400001,p2,5.09,166
01-Apr-22,110001,p2,3.83,167
01-Apr-22,700001,p2,4.36,168
01-Apr-22,560001,p2,4.22,169
01-Apr-22,600001,p2,3.31,170
01-Apr-22,500001,p2,2.22,171
01-Apr-22,411001,p2,4.71,172
01-Apr-22,380001,p2,2.56,173
01-Apr-22,302001,p2,1.36,174
01-Apr-22,226001,p2,1.25,175
01-Apr-22,800008,p2,1.05,176
01-Apr-22,641001,p2,0.92,177
01-Apr-22,160017,p2,1.01,178
01-Apr-22,122001,p2,0.52,179
01-Apr-22,492001,p2,0.36,180
01-Jun-22,400001,p2,6.47,181
01-Jun-22,110001,p2,3.68,182
01-Jun-22,700001,p2,3.09,183
01-Jun-22,560001,p2,4.02,184
01-Jun-22,600001,p2,2.91,185
01-Jun-22,500001,p2,2.64,186
01-Jun-22,411001,p2,2.16,187
01-Jun-22,380001,p2,2.1,188
01-Jun-22,302001,p2,2.12,189
01-Jun-22,226001,p2,0.99,190
01-Jun-22,800008,p2,1.57,191
01-Jun-22,641001,p2,0.72,192
01-Jun-22,160017,p2,0.64,193
01-Jun-22,122001,p2,0.47,194
01-Jun-22,492001,p2,0.41,195
01-Jul-22,400001,p2,5.81,196
01-Jul-22,110001,p2,4.79,197
01-Jul-22,700001,p2,3.41,198
01-Jul-22,560001,p2,4.39,199
01-Jul-22,600001,p2,5.09,200
01-Jul-22,500001,p2,3.12,201
01-Jul-22,411001,p2,2.44,202
01-Jul-22,380001,p2,2.06,203
01-Jul-22,302001,p2,1.38,204
01-Jul-22,226001,p2,2.28,205
01-Jul-22,800008,p2,0.92,206
01-Jul-22,641001,p2,1.12,207
01-Jul-22,160017,p2,0.56,208
01-Jul-22,122001,p2,0.96,209
01-Jul-22,492001,p2,0.46,210
01-Aug-22,400001,p2,5.26,211
01-Aug-22,110001,p2,4.49,212
01-Aug-22,700001,p2,6.82,213
01-Aug-22,560001,p2,4.16,214
01-Aug-22,600001,p2,3.26,215
01-Aug-22,500001,p2,2.76,216
01-Aug-22,411001,p2,2.6,217
01-Aug-22,380001,p2,2.54,218
01-Aug-22,302001,p2,1.52,219
01-Aug-22,226001,p2,1.57,220
01-Aug-22,800008,p2,0.98,221
01-Aug-22,641001,p2,1.63,222
01-Aug-22,160017,p2,0.66,223
01-Aug-22,122001,p2,0.57,224
01-Aug-22,492001,p2,0.37,225
01-Sep-22,400001,p2,5.46,226
01-Sep-22,110001,p2,5.47,227
01-Sep-22,700001,p2,4.32,228
01-Sep-22,560001,p2,3.85,229
01-Sep-22,600001,p2,2.6,230
01-Sep-22,500001,p2,2.34,231
01-Sep-22,411001,p2,4.16,232
01-Sep-22,380001,p2,2.08,233
01-Sep-22,302001,p2,1.48,234
01-Sep-22,226001,p2,1.31,235
01-Sep-22,800008,p2,1.07,236
01-Sep-22,641001,p2,0.78,237
01-Sep-22,160017,p2,0.89,238
01-Sep-22,122001,p2,0.54,239
01-Sep-22,492001,p2,0.41,240
01-Jan-22,400001,p3,4.17,241
01-Jan-22,110001,p3,4.01,242
01-Jan-22,700001,p3,3.88,243
01-Jan-22,560001,p3,3.01,244
01-Jan-22,600001,p3,2.53,245
01-Jan-22,500001,p3,2.09,246
01-Jan-22,411001,p3,2.05,247
01-Jan-22,380001,p3,1.79,248
01-Jan-22,302001,p3,1.64,249
01-Jan-22,226001,p3,1.18,250
01-Jan-22,800008,p3,1.53,251
01-Jan-22,641001,p3,0.49,252
01-Jan-22,160017,p3,0.53,253
01-Jan-22,122001,p3,0.45,254
01-Jan-22,492001,p3,0.29,255
01-Feb-22,400001,p3,4.63,256
01-Feb-22,110001,p3,3.62,257
01-Feb-22,700001,p3,3.37,258
01-Feb-22,560001,p3,3.88,259
01-Feb-22,600001,p3,5.1,260
01-Feb-22,500001,p3,3.01,261
01-Feb-22,411001,p3,2.75,262
01-Feb-22,380001,p3,1.62,263
01-Feb-22,302001,p3,0.95,264
01-Feb-22,226001,p3,2.33,265
01-Feb-22,800008,p3,1.02,266
01-Feb-22,641001,p3,1.11,267
01-Feb-22,160017,p3,0.51,268
01-Feb-22,122001,p3,0.66,269
01-Feb-22,492001,p3,0.34,270
01-Mar-22,400001,p3,4.56,271
01-Mar-22,110001,p3,3.9,272
01-Mar-22,700001,p3,5.99,273
01-Mar-22,560001,p3,3.88,274
01-Mar-22,600001,p3,2.59,275
01-Mar-22,500001,p3,2.41,276
01-Mar-22,411001,p3,2.64,277
01-Mar-22,380001,p3,2.8,278
01-Mar-22,302001,p3,1.46,279
01-Mar-22,226001,p3,1.23,280
01-Mar-22,800008,p3,0.78,281
01-Mar-22,641001,p3,1.61,282
01-Mar-22,160017,p3,0.65,283
01-Mar-22,122001,p3,0.53,284
01-Mar-22,492001,p3,0.29,285
01-Apr-22,400001,p3,3.73,286
01-Apr-22,110001,p3,3.15,287
01-Apr-22,700001,p3,3.34,288
01-Apr-22,560001,p3,3.62,289
01-Apr-22,600001,p3,3.31,290
01-Apr-22,500001,p3,2.06,291
01-Apr-22,411001,p3,4.22,292
01-Apr-22,380001,p3,2.48,293
01-Apr-22,302001,p3,1.22,294
01-Apr-22,226001,p3,1.3,295
01-Apr-22,800008,p3,1.09,296
01-Apr-22,641001,p3,0.76,297
01-Apr-22,160017,p3,0.94,298
01-Apr-22,122001,p3,0.45,299
01-Apr-22,492001,p3,0.4,300
01-Jun-22,400001,p3,5.95,301
01-Jun-22,110001,p3,3.53,302
01-Jun-22,700001,p3,2.95,303
01-Jun-22,560001,p3,3.37,304
01-Jun-22,600001,p3,3.04,305
01-Jun-22,500001,p3,2.53,306
01-Jun-22,411001,p3,1.71,307
01-Jun-22,380001,p3,1.53,308
01-Jun-22,302001,p3,1.71,309
01-Jun-22,226001,p3,0.99,310
01-Jun-22,800008,p3,1.24,311
01-Jun-22,641001,p3,0.5,312
01-Jun-22,160017,p3,0.5,313
01-Jun-22,122001,p3,0.45,314
01-Jun-22,492001,p3,0.41,315
01-Jul-22,400001,p3,5.36,316
01-Jul-22,110001,p3,4.79,317
01-Jul-22,700001,p3,2.86,318
01-Jul-22,560001,p3,3.91,319
01-Jul-22,600001,p3,3.98,320
01-Jul-22,500001,p3,3.12,321
01-Jul-22,411001,p3,2.14,322
01-Jul-22,380001,p3,1.59,323
01-Jul-22,302001,p3,1.05,324
01-Jul-22,226001,p3,1.64,325
01-Jul-22,800008,p3,0.8,326
01-Jul-22,641001,p3,1.07,327
01-Jul-22,160017,p3,0.53,328
01-Jul-22,122001,p3,0.85,329
01-Jul-22,492001,p3,0.38,330
01-Aug-22,400001,p3,4.25,331
01-Aug-22,110001,p3,3.37,332
01-Aug-22,700001,p3,6.55,333
01-Aug-22,560001,p3,3.5,334
01-Aug-22,600001,p3,2.42,335
01-Aug-22,500001,p3,2.54,336
01-Aug-22,411001,p3,2.15,337
01-Aug-22,380001,p3,1.99,338
01-Aug-22,302001,p3,1.52,339
01-Aug-22,226001,p3,1.39,340
01-Aug-22,800008,p3,0.94,341
01-Aug-22,641001,p3,1.49,342
01-Aug-22,160017,p3,0.49,343
01-Aug-22,122001,p3,0.55,344
01-Aug-22,492001,p3,0.33,345
01-Sep-22,400001,p3,4.75,346
01-Sep-22,110001,p3,4.66,347
01-Sep-22,700001,p3,3.98,348
01-Sep-22,560001,p3,2.96,349
01-Sep-22,600001,p3,2.04,350
01-Sep-22,500001,p3,1.87,351
01-Sep-22,411001,p3,3.62,352
01-Sep-22,380001,p3,2,353
01-Sep-22,302001,p3,1.35,354
01-Sep-22,226001,p3,1.09,355
01-Sep-22,800008,p3,1.07,356
01-Sep-22,641001,p3,0.64,357
01-Sep-22,160017,p3,0.81,358
01-Sep-22,122001,p3,0.45,359
01-Sep-22,492001,p3,0.36,360
01-Jan-22,400001,p4,3.48,361
01-Jan-22,110001,p4,3.29,362
01-Jan-22,700001,p4,3.32,363
01-Jan-22,560001,p4,2.88,364
01-Jan-22,600001,p4,2.04,365
01-Jan-22,500001,p4,1.67,366
01-Jan-22,411001,p4,1.54,367
01-Jan-22,380001,p4,1.37,368
01-Jan-22,302001,p4,1.3,369
01-Jan-22,226001,p4,0.8,370
01-Jan-22,800008,p4,1.11,371
01-Jan-22,641001,p4,0.45,372
01-Jan-22,160017,p4,0.39,373
01-Jan-22,122001,p4,0.36,374
01-Jan-22,492001,p4,0.29,375
01-Feb-22,400001,p4,4.03,376
01-Feb-22,110001,p4,2.96,377
01-Feb-22,700001,p4,2.91,378
01-Feb-22,560001,p4,3.18,379
01-Feb-22,600001,p4,4.04,380
01-Feb-22,500001,p4,2.2,381
01-Feb-22,411001,p4,1.97,382
01-Feb-22,380001,p4,1.08,383
01-Feb-22,302001,p4,0.91,384
01-Feb-22,226001,p4,1.96,385
01-Feb-22,800008,p4,0.68,386
01-Feb-22,641001,p4,0.85,387
01-Feb-22,160017,p4,0.36,388
01-Feb-22,122001,p4,0.61,389
01-Feb-22,492001,p4,0.27,390
01-Mar-22,400001,p4,3.47,391
01-Mar-22,110001,p4,3.41,392
01-Mar-22,700001,p4,4.21,393
01-Mar-22,560001,p4,2.95,394
01-Mar-22,600001,p4,1.76,395
01-Mar-22,500001,p4,2.31,396
01-Mar-22,411001,p4,2.09,397
01-Mar-22,380001,p4,2.12,398
01-Mar-22,302001,p4,0.94,399
01-Mar-22,226001,p4,1.13,400
01-Mar-22,800008,p4,0.66,401
01-Mar-22,641001,p4,1.13,402
01-Mar-22,160017,p4,0.68,403
01-Mar-22,122001,p4,0.32,404
01-Mar-22,492001,p4,0.23,405
01-Apr-22,400001,p4,3.9,406
01-Apr-22,110001,p4,3.15,407
01-Apr-22,700001,p4,3.2,408
01-Apr-22,560001,p4,3.62,409
01-Apr-22,600001,p4,2.45,410
01-Apr-22,500001,p4,1.74,411
01-Apr-22,411001,p4,3.25,412
01-Apr-22,380001,p4,1.86,413
01-Apr-22,302001,p4,0.89,414
01-Apr-22,226001,p4,0.89,415
01-Apr-22,800008,p4,0.86,416
01-Apr-22,641001,p4,0.7,417
01-Apr-22,160017,p4,0.72,418
01-Apr-22,122001,p4,0.34,419
01-Apr-22,492001,p4,0.26,420
01-Jun-22,400001,p4,3.36,421
01-Jun-22,110001,p4,2.21,422
01-Jun-22,700001,p4,2.15,423
01-Jun-22,560001,p4,2.41,424
01-Jun-22,600001,p4,1.72,425
01-Jun-22,500001,p4,1.32,426
01-Jun-22,411001,p4,1.44,427
01-Jun-22,380001,p4,1.29,428
01-Jun-22,302001,p4,1.14,429
01-Jun-22,226001,p4,0.62,430
01-Jun-22,800008,p4,1.05,431
01-Jun-22,641001,p4,0.36,432
01-Jun-22,160017,p4,0.32,433
01-Jun-22,122001,p4,0.3,434
01-Jun-22,492001,p4,0.26,435
01-Jul-22,400001,p4,2.68,436
01-Jul-22,110001,p4,3.33,437
01-Jul-22,700001,p4,2.32,438
01-Jul-22,560001,p4,2.6,439
01-Jul-22,600001,p4,3.1,440
01-Jul-22,500001,p4,2.03,441
01-Jul-22,411001,p4,1.53,442
01-Jul-22,380001,p4,1.27,443
01-Jul-22,302001,p4,0.94,444
01-Jul-22,226001,p4,1.46,445
01-Jul-22,800008,p4,0.6,446
01-Jul-22,641001,p4,0.7,447
01-Jul-22,160017,p4,0.34,448
01-Jul-22,122001,p4,0.55,449
01-Jul-22,492001,p4,0.22,450
01-Aug-22,400001,p4,3.44,451
01-Aug-22,110001,p4,2.81,452
01-Aug-22,700001,p4,3.28,453
01-Aug-22,560001,p4,2.83,454
01-Aug-22,600001,p4,1.45,455
01-Aug-22,500001,p4,1.66,456
01-Aug-22,411001,p4,1.47,457
01-Aug-22,380001,p4,1.77,458
01-Aug-22,302001,p4,0.86,459
01-Aug-22,226001,p4,0.85,460
01-Aug-22,800008,p4,0.73,461
01-Aug-22,641001,p4,0.81,462
01-Aug-22,160017,p4,0.44,463
01-Aug-22,122001,p4,0.28,464
01-Aug-22,492001,p4,0.21,465
01-Sep-22,400001,p4,3.09,466
01-Sep-22,110001,p4,2.84,467
01-Sep-22,700001,p4,2.25,468
01-Sep-22,560001,p4,2.37,469
01-Sep-22,600001,p4,1.7,470
01-Sep-22,500001,p4,1.31,471
01-Sep-22,411001,p4,2.35,472
01-Sep-22,380001,p4,1.3,473
01-Sep-22,302001,p4,0.9,474
01-Sep-22,226001,p4,0.74,475
01-Sep-22,800008,p4,0.68,476
01-Sep-22,641001,p4,0.57,477
01-Sep-22,160017,p4,0.5,478
01-Sep-22,122001,p4,0.33,479
01-Sep-22,492001,p4,0.24,480
01-Jan-22,400001,p5,3.13,481
01-Jan-22,110001,p5,2.86,482
01-Jan-22,700001,p5,2.77,483
01-Jan-22,560001,p5,2.13,484
01-Jan-22,600001,p5,1.85,485
01-Jan-22,500001,p5,1.59,486
01-Jan-22,411001,p5,1.32,487
01-Jan-22,380001,p5,1.37,488
01-Jan-22,302001,p5,1.3,489
01-Jan-22,226001,p5,0.8,490
01-Jan-22,800008,p5,1,491
01-Jan-22,641001,p5,0.45,492
01-Jan-22,160017,p5,0.41,493
01-Jan-22,122001,p5,0.31,494
01-Jan-22,492001,p5,0.26,495
01-Feb-22,400001,p5,4.03,496
01-Feb-22,110001,p5,2.8,497
01-Feb-22,700001,p5,3.06,498
01-Feb-22,560001,p5,3.35,499
01-Feb-22,600001,p5,4.47,500
01-Feb-22,500001,p5,2.31,501
01-Feb-22,411001,p5,1.97,502
01-Feb-22,380001,p5,1.26,503
01-Feb-22,302001,p5,0.86,504
01-Feb-22,226001,p5,1.86,505
01-Feb-22,800008,p5,0.76,506
01-Feb-22,641001,p5,0.66,507
01-Feb-22,160017,p5,0.34,508
01-Feb-22,122001,p5,0.5,509
01-Feb-22,492001,p5,0.3,510
01-Mar-22,400001,p5,3.29,511
01-Mar-22,110001,p5,3.25,512
01-Mar-22,700001,p5,4.21,513
01-Mar-22,560001,p5,2.8,514
01-Mar-22,600001,p5,1.67,515
01-Mar-22,500001,p5,1.83,516
01-Mar-22,411001,p5,2.2,517
01-Mar-22,380001,p5,1.64,518
01-Mar-22,302001,p5,1.05,519
01-Mar-22,226001,p5,0.85,520
01-Mar-22,800008,p5,0.62,521
01-Mar-22,641001,p5,1.25,522
01-Mar-22,160017,p5,0.57,523
01-Mar-22,122001,p5,0.36,524
01-Mar-22,492001,p5,0.24,525
01-Apr-22,400001,p5,3.22,526
01-Apr-22,110001,p5,2.6,527
01-Apr-22,700001,p5,2.76,528
01-Apr-22,560001,p5,3.02,529
01-Apr-22,600001,p5,2.33,530
01-Apr-22,500001,p5,1.35,531
01-Apr-22,411001,p5,3.41,532
01-Apr-22,380001,p5,1.59,533
01-Apr-22,302001,p5,0.84,534
01-Apr-22,226001,p5,0.85,535
01-Apr-22,800008,p5,0.78,536
01-Apr-22,641001,p5,0.57,537
01-Apr-22,160017,p5,0.65,538
01-Apr-22,122001,p5,0.34,539
01-Apr-22,492001,p5,0.24,540
01-Jun-22,400001,p5,2.85,541
01-Jun-22,110001,p5,1.62,542
01-Jun-22,700001,p5,1.34,543
01-Jun-22,560001,p5,1.77,544
01-Jun-22,600001,p5,1.32,545
01-Jun-22,500001,p5,1.21,546
01-Jun-22,411001,p5,0.81,547
01-Jun-22,380001,p5,0.81,548
01-Jun-22,302001,p5,0.73,549
01-Jun-22,226001,p5,0.41,550
01-Jun-22,800008,p5,0.59,551
01-Jun-22,641001,p5,0.33,552
01-Jun-22,160017,p5,0.22,553
01-Jun-22,122001,p5,0.2,554
01-Jun-22,492001,p5,0.19,555
01-Jul-22,400001,p5,2.9,556
01-Jul-22,110001,p5,2.08,557
01-Jul-22,700001,p5,1.5,558
01-Jul-22,560001,p5,1.46,559
01-Jul-22,600001,p5,2.21,560
01-Jul-22,500001,p5,1.63,561
01-Jul-22,411001,p5,1.22,562
01-Jul-22,380001,p5,0.71,563
01-Jul-22,302001,p5,0.66,564
01-Jul-22,226001,p5,1.09,565
01-Jul-22,800008,p5,0.44,566
01-Jul-22,641001,p5,0.42,567
01-Jul-22,160017,p5,0.27,568
01-Jul-22,122001,p5,0.4,569
01-Jul-22,492001,p5,0.21,570
01-Aug-22,400001,p5,2.63,571
01-Aug-22,110001,p5,2.06,572
01-Aug-22,700001,p5,2.73,573
01-Aug-22,560001,p5,1.83,574
01-Aug-22,600001,p5,1.33,575
01-Aug-22,500001,p5,1.44,576
01-Aug-22,411001,p5,1.02,577
01-Aug-22,380001,p5,1.44,578
01-Aug-22,302001,p5,0.73,579
01-Aug-22,226001,p5,0.73,580
01-Aug-22,800008,p5,0.51,581
01-Aug-22,641001,p5,0.75,582
01-Aug-22,160017,p5,0.27,583
01-Aug-22,122001,p5,0.28,584
01-Aug-22,492001,p5,0.13,585
01-Sep-22,400001,p5,2.61,586
01-Sep-22,110001,p5,2.03,587
01-Sep-22,700001,p5,1.73,588
01-Sep-22,560001,p5,1.33,589
01-Sep-22,600001,p5,1.24,590
01-Sep-22,500001,p5,0.94,591
01-Sep-22,411001,p5,1.63,592
01-Sep-22,380001,p5,0.87,593
01-Sep-22,302001,p5,0.77,594
01-Sep-22,226001,p5,0.57,595
01-Sep-22,800008,p5,0.58,596
01-Sep-22,641001,p5,0.43,597
01-Sep-22,160017,p5,0.5,598
01-Sep-22,122001,p5,0.26,599
01-Sep-22,492001,p5,0.18,600
01-Jan-22,400001,p6,2.26,601
01-Jan-22,110001,p6,2,602
01-Jan-22,700001,p6,1.94,603
01-Jan-22,560001,p6,1.88,604
01-Jan-22,600001,p6,1.56,605
01-Jan-22,500001,p6,1.34,606
01-Jan-22,411001,p6,0.95,607
01-Jan-22,380001,p6,1.17,608
01-Jan-22,302001,p6,1.03,609
01-Jan-22,226001,p6,0.67,610
01-Jan-22,800008,p6,0.9,611
01-Jan-22,641001,p6,0.34,612
01-Jan-22,160017,p6,0.26,613
01-Jan-22,122001,p6,0.2,614
01-Jan-22,492001,p6,0.19,615
01-Feb-22,400001,p6,2.62,616
01-Feb-22,110001,p6,2.14,617
01-Feb-22,700001,p6,1.99,618
01-Feb-22,560001,p6,2.65,619
01-Feb-22,600001,p6,2.55,620
01-Feb-22,500001,p6,1.5,621
01-Feb-22,411001,p6,1.28,622
01-Feb-22,380001,p6,0.9,623
01-Feb-22,302001,p6,0.69,624
01-Feb-22,226001,p6,1.49,625
01-Feb-22,800008,p6,0.53,626
01-Feb-22,641001,p6,0.52,627
01-Feb-22,160017,p6,0.27,628
01-Feb-22,122001,p6,0.34,629
01-Feb-22,492001,p6,0.22,630
01-Mar-22,400001,p6,2.74,631
01-Mar-22,110001,p6,1.95,632
01-Mar-22,700001,p6,3.55,633
01-Mar-22,560001,p6,2.02,634
01-Mar-22,600001,p6,1.39,635
01-Mar-22,500001,p6,1.64,636
01-Mar-22,411001,p6,1.43,637
01-Mar-22,380001,p6,1.64,638
01-Mar-22,302001,p6,0.68,639
01-Mar-22,226001,p6,0.8,640
01-Mar-22,800008,p6,0.37,641
01-Mar-22,641001,p6,0.77,642
01-Mar-22,160017,p6,0.43,643
01-Mar-22,122001,p6,0.25,644
01-Mar-22,492001,p6,0.19,645
01-Apr-22,400001,p6,2.72,646
01-Apr-22,110001,p6,1.64,647
01-Apr-22,700001,p6,2.33,648
01-Apr-22,560001,p6,2.56,649
01-Apr-22,600001,p6,1.84,650
01-Apr-22,500001,p6,1.03,651
01-Apr-22,411001,p6,1.95,652
01-Apr-22,380001,p6,1.33,653
01-Apr-22,302001,p6,0.7,654
01-Apr-22,226001,p6,0.72,655
01-Apr-22,800008,p6,0.51,656
01-Apr-22,641001,p6,0.41,657
01-Apr-22,160017,p6,0.5,658
01-Apr-22,122001,p6,0.22,659
01-Apr-22,492001,p6,0.22,660
01-Jun-22,400001,p6,1.81,661
01-Jun-22,110001,p6,1.18,662
01-Jun-22,700001,p6,1.07,663
01-Jun-22,560001,p6,1.29,664
01-Jun-22,600001,p6,1.06,665
01-Jun-22,500001,p6,0.99,666
01-Jun-22,411001,p6,0.63,667
01-Jun-22,380001,p6,0.73,668
01-Jun-22,302001,p6,0.65,669
01-Jun-22,226001,p6,0.29,670
01-Jun-22,800008,p6,0.52,671
01-Jun-22,641001,p6,0.19,672
01-Jun-22,160017,p6,0.2,673
01-Jun-22,122001,p6,0.16,674
01-Jun-22,492001,p6,0.15,675
01-Jul-22,400001,p6,2.23,676
01-Jul-22,110001,p6,1.46,677
01-Jul-22,700001,p6,1.23,678
01-Jul-22,560001,p6,1.46,679
01-Jul-22,600001,p6,1.99,680
01-Jul-22,500001,p6,1.22,681
01-Jul-22,411001,p6,0.81,682
01-Jul-22,380001,p6,0.56,683
01-Jul-22,302001,p6,0.44,684
01-Jul-22,226001,p6,0.73,685
01-Jul-22,800008,p6,0.4,686
01-Jul-22,641001,p6,0.33,687
01-Jul-22,160017,p6,0.19,688
01-Jul-22,122001,p6,0.26,689
01-Jul-22,492001,p6,0.17,690
01-Aug-22,400001,p6,1.42,691
01-Aug-22,110001,p6,1.31,692
01-Aug-22,700001,p6,2.18,693
01-Aug-22,560001,p6,1.17,694
01-Aug-22,600001,p6,0.97,695
01-Aug-22,500001,p6,0.99,696
01-Aug-22,411001,p6,1.02,697
01-Aug-22,380001,p6,0.77,698
01-Aug-22,302001,p6,0.66,699
01-Aug-22,226001,p6,0.55,700
01-Aug-22,800008,p6,0.34,701
01-Aug-22,641001,p6,0.61,702
01-Aug-22,160017,p6,0.27,703
01-Aug-22,122001,p6,0.16,704
01-Aug-22,492001,p6,0.13,705
01-Sep-22,400001,p6,1.9,706
01-Sep-22,110001,p6,1.82,707
01-Sep-22,700001,p6,1.56,708
01-Sep-22,560001,p6,1.18,709
01-Sep-22,600001,p6,0.79,710
01-Sep-22,500001,p6,0.84,711
01-Sep-22,411001,p6,1.27,712
01-Sep-22,380001,p6,0.78,713
01-Sep-22,302001,p6,0.45,714
01-Sep-22,226001,p6,0.51,715
01-Sep-22,800008,p6,0.39,716
01-Sep-22,641001,p6,0.32,717
01-Sep-22,160017,p6,0.35,718
01-Sep-22,122001,p6,0.21,719
01-Sep-22,492001,p6,0.14,720
01-Jan-22,400001,p7,1.74,721
01-Jan-22,110001,p7,1.86,722
01-Jan-22,700001,p7,1.25,723
01-Jan-22,560001,p7,1.5,724
01-Jan-22,600001,p7,0.97,725
01-Jan-22,500001,p7,0.92,726
01-Jan-22,411001,p7,0.81,727
01-Jan-22,380001,p7,0.69,728
01-Jan-22,302001,p7,0.68,729
01-Jan-22,226001,p7,0.51,730
01-Jan-22,800008,p7,0.48,731
01-Jan-22,641001,p7,0.28,732
01-Jan-22,160017,p7,0.24,733
01-Jan-22,122001,p7,0.19,734
01-Jan-22,492001,p7,0.13,735
01-Feb-22,400001,p7,1.81,736
01-Feb-22,110001,p7,2.14,737
01-Feb-22,700001,p7,1.68,738
01-Feb-22,560001,p7,1.94,739
01-Feb-22,600001,p7,2.34,740
01-Feb-22,500001,p7,1.16,741
01-Feb-22,411001,p7,0.89,742
01-Feb-22,380001,p7,0.66,743
01-Feb-22,302001,p7,0.52,744
01-Feb-22,226001,p7,1.12,745
01-Feb-22,800008,p7,0.46,746
01-Feb-22,641001,p7,0.41,747
01-Feb-22,160017,p7,0.2,748
01-Feb-22,122001,p7,0.32,749
01-Feb-22,492001,p7,0.17,750
01-Mar-22,400001,p7,2.37,751
01-Mar-22,110001,p7,2.11,752
01-Mar-22,700001,p7,2.66,753
01-Mar-22,560001,p7,1.4,754
01-Mar-22,600001,p7,0.83,755
01-Mar-22,500001,p7,1.16,756
01-Mar-22,411001,p7,1.32,757
01-Mar-22,380001,p7,0.87,758
01-Mar-22,302001,p7,0.68,759
01-Mar-22,226001,p7,0.52,760
01-Mar-22,800008,p7,0.34,761
01-Mar-22,641001,p7,0.65,762
01-Mar-22,160017,p7,0.34,763
01-Mar-22,122001,p7,0.21,764
01-Mar-22,492001,p7,0.13,765
01-Apr-22,400001,p7,2.21,766
01-Apr-22,110001,p7,1.51,767
01-Apr-22,700001,p7,1.6,768
01-Apr-22,560001,p7,1.51,769
01-Apr-22,600001,p7,1.47,770
01-Apr-22,500001,p7,0.95,771
01-Apr-22,411001,p7,1.79,772
01-Apr-22,380001,p7,0.97,773
01-Apr-22,302001,p7,0.56,774
01-Apr-22,226001,p7,0.54,775
01-Apr-22,800008,p7,0.35,776
01-Apr-22,641001,p7,0.35,777
01-Apr-22,160017,p7,0.47,778
01-Apr-22,122001,p7,0.17,779
01-Apr-22,492001,p7,0.13,780
01-Jun-22,400001,p7,0.26,781
01-Jun-22,110001,p7,0.44,782
01-Jun-22,700001,p7,0.4,783
01-Jun-22,560001,p7,0.64,784
01-Jun-22,600001,p7,0.4,785
01-Jun-22,500001,p7,0.22,786
01-Jun-22,411001,p7,0.18,787
01-Jun-22,380001,p7,0.16,788
01-Jun-22,302001,p7,0.24,789
01-Jun-22,226001,p7,0.12,790
01-Jun-22,800008,p7,0.07,791
01-Jun-22,641001,p7,0.06,792
01-Jun-22,160017,p7,0.07,793
01-Jun-22,122001,p7,0.02,794
01-Jun-22,492001,p7,0.04,795
01-Jul-22,400001,p7,0.45,796
01-Jul-22,110001,p7,0.42,797
01-Jul-22,700001,p7,0.27,798
01-Jul-22,560001,p7,0.49,799
01-Jul-22,600001,p7,0.44,800
01-Jul-22,500001,p7,0.27,801
01-Jul-22,411001,p7,0.2,802
01-Jul-22,380001,p7,0.32,803
01-Jul-22,302001,p7,0.11,804
01-Jul-22,226001,p7,0.09,805
01-Jul-22,800008,p7,0.08,806
01-Jul-22,641001,p7,0.14,807
01-Jul-22,160017,p7,0.05,808
01-Jul-22,122001,p7,0.07,809
01-Jul-22,492001,p7,0.05,810
01-Aug-22,400001,p7,0.61,811
01-Aug-22,110001,p7,0.75,812
01-Aug-22,700001,p7,0.55,813
01-Aug-22,560001,p7,0.67,814
01-Aug-22,600001,p7,0.36,815
01-Aug-22,500001,p7,0.44,816
01-Aug-22,411001,p7,0.11,817
01-Aug-22,380001,p7,0.22,818
01-Aug-22,302001,p7,0.07,819
01-Aug-22,226001,p7,0.18,820
01-Aug-22,800008,p7,0.13,821
01-Aug-22,641001,p7,0.2,822
01-Aug-22,160017,p7,0.08,823
01-Aug-22,122001,p7,0.07,824
01-Aug-22,492001,p7,0.03,825
01-Sep-22,400001,p7,0.47,826
01-Sep-22,110001,p7,0.41,827
01-Sep-22,700001,p7,0.69,828
01-Sep-22,560001,p7,0.44,829
01-Sep-22,600001,p7,0.34,830
01-Sep-22,500001,p7,0.28,831
01-Sep-22,411001,p7,0.54,832
01-Sep-22,380001,p7,0.35,833
01-Sep-22,302001,p7,0.19,834
01-Sep-22,226001,p7,0.17,835
01-Sep-22,800008,p7,0.1,836
01-Sep-22,641001,p7,0.07,837
01-Sep-22,160017,p7,0.15,838
01-Sep-22,122001,p7,0.07,839
01-Sep-22,492001,p7,0.05,840
01-Jan-22,400001,p8,1.39,841
01-Jan-22,400001,p9,0.7,842
01-Jan-22,400001,p10,0.52,843
01-Jan-22,110001,p8,1.15,844
01-Jan-22,110001,p9,0.72,845
01-Jan-22,110001,p10,0.29,846
01-Jan-22,700001,p8,0.97,847
01-Jan-22,700001,p9,0.69,848
01-Jan-22,700001,p10,0.14,849
01-Jan-22,560001,p8,1,850
01-Jan-22,560001,p9,0.63,851
01-Jan-22,560001,p10,0.25,852
01-Jan-22,600001,p8,0.78,853
01-Jan-22,600001,p9,0.39,854
01-Jan-22,600001,p10,0.1,855
01-Jan-22,500001,p8,0.83,856
01-Jan-22,500001,p9,0.42,857
01-Jan-22,500001,p10,0.17,858
01-Jan-22,411001,p8,0.51,859
01-Jan-22,411001,p9,0.29,860
01-Jan-22,411001,p10,0.07,861
01-Jan-22,380001,p8,0.62,862
01-Jan-22,380001,p9,0.34,863
01-Jan-22,380001,p10,0.21,864
01-Jan-22,302001,p8,0.68,865
01-Jan-22,302001,p9,0.34,866
01-Jan-22,302001,p10,0.14,867
01-Jan-22,226001,p8,0.38,868
01-Jan-22,226001,p9,0.25,869
01-Jan-22,226001,p10,0.13,870
01-Jan-22,800008,p8,0.53,871
01-Jan-22,800008,p9,0.21,872
01-Jan-22,800008,p10,0.11,873
01-Jan-22,641001,p8,0.15,874
01-Jan-22,641001,p9,0.09,875
01-Jan-22,641001,p10,0.04,876
01-Jan-22,160017,p8,0.14,877
01-Jan-22,160017,p9,0.06,878
01-Jan-22,160017,p10,0.06,879
01-Jan-22,122001,p8,0.14,880
01-Jan-22,122001,p9,0.06,881
01-Jan-22,122001,p10,0.06,882
01-Jan-22,492001,p8,0.09,883
01-Jan-22,492001,p9,0.05,884
01-Jan-22,492001,p10,0.04,885
01-Feb-22,400001,p8,1.61,886
01-Feb-22,400001,p9,1.01,887
01-Feb-22,400001,p10,0.4,888
01-Feb-22,110001,p8,1.32,889
01-Feb-22,110001,p9,0.49,890
01-Feb-22,110001,p10,0.33,891
01-Feb-22,700001,p8,1.23,892
01-Feb-22,700001,p9,0.61,893
01-Feb-22,700001,p10,0.46,894
01-Feb-22,560001,p8,1.76,895
01-Feb-22,560001,p9,0.71,896
01-Feb-22,560001,p10,0.53,897
01-Feb-22,600001,p8,1.7,898
01-Feb-22,600001,p9,0.85,899
01-Feb-22,600001,p10,0.64,900
01-Feb-22,500001,p8,0.81,901
01-Feb-22,500001,p9,0.35,902
01-Feb-22,500001,p10,0.35,903
01-Feb-22,411001,p8,0.89,904
01-Feb-22,411001,p9,0.39,905
01-Feb-22,411001,p10,0.39,906
01-Feb-22,380001,p8,0.6,907
01-Feb-22,380001,p9,0.3,908
01-Feb-22,380001,p10,0.06,909
01-Feb-22,302001,p8,0.3,910
01-Feb-22,302001,p9,0.22,911
01-Feb-22,302001,p10,0.04,912
01-Feb-22,226001,p8,0.65,913
01-Feb-22,226001,p9,0.37,914
01-Feb-22,226001,p10,0.09,915
01-Feb-22,800008,p8,0.34,916
01-Feb-22,800008,p9,0.15,917
01-Feb-22,800008,p10,0.04,918
01-Feb-22,641001,p8,0.33,919
01-Feb-22,641001,p9,0.18,920
01-Feb-22,641001,p10,0.15,921
01-Feb-22,160017,p8,0.18,922
01-Feb-22,160017,p9,0.09,923
01-Feb-22,160017,p10,0.04,924
01-Feb-22,122001,p8,0.18,925
01-Feb-22,122001,p9,0.16,926
01-Feb-22,122001,p10,0.08,927
01-Feb-22,492001,p8,0.11,928
01-Feb-22,492001,p9,0.06,929
01-Feb-22,492001,p10,0.06,930
01-Mar-22,400001,p8,1.28,931
01-Mar-22,400001,p9,0.55,932
01-Mar-22,400001,p10,0.37,933
01-Mar-22,110001,p8,1.46,934
01-Mar-22,110001,p9,0.81,935
01-Mar-22,110001,p10,0.32,936
01-Mar-22,700001,p8,1.77,937
01-Mar-22,700001,p9,0.89,938
01-Mar-22,700001,p10,0.67,939
01-Mar-22,560001,p8,1.24,940
01-Mar-22,560001,p9,0.62,941
01-Mar-22,560001,p10,0.31,942
01-Mar-22,600001,p8,0.74,943
01-Mar-22,600001,p9,0.37,944
01-Mar-22,600001,p10,0.37,945
01-Mar-22,500001,p8,0.87,946
01-Mar-22,500001,p9,0.48,947
01-Mar-22,500001,p10,0.29,948
01-Mar-22,411001,p8,0.88,949
01-Mar-22,411001,p9,0.44,950
01-Mar-22,411001,p10,0.11,951
01-Mar-22,380001,p8,0.77,952
01-Mar-22,380001,p9,0.39,953
01-Mar-22,380001,p10,0.39,954
01-Mar-22,302001,p8,0.37,955
01-Mar-22,302001,p9,0.26,956
01-Mar-22,302001,p10,0.05,957
01-Mar-22,226001,p8,0.43,958
01-Mar-22,226001,p9,0.24,959
01-Mar-22,226001,p10,0.09,960
01-Mar-22,800008,p8,0.28,961
01-Mar-22,800008,p9,0.19,962
01-Mar-22,800008,p10,0.09,963
01-Mar-22,641001,p8,0.48,964
01-Mar-22,641001,p9,0.24,965
01-Mar-22,641001,p10,0.12,966
01-Mar-22,160017,p8,0.26,967
01-Mar-22,160017,p9,0.09,968
01-Mar-22,160017,p10,0.09,969
01-Mar-22,122001,p8,0.12,970
01-Mar-22,122001,p9,0.07,971
01-Mar-22,122001,p10,0.05,972
01-Mar-22,492001,p8,0.11,973
01-Mar-22,492001,p9,0.06,974
01-Mar-22,492001,p10,0.04,975
01-Apr-22,400001,p8,1.53,976
01-Apr-22,400001,p9,0.85,977
01-Apr-22,400001,p10,0.51,978
01-Apr-22,110001,p8,1.23,979
01-Apr-22,110001,p9,0.55,980
01-Apr-22,110001,p10,0.41,981
01-Apr-22,700001,p8,1.31,982
01-Apr-22,700001,p9,0.58,983
01-Apr-22,700001,p10,0.44,984
01-Apr-22,560001,p8,1.51,985
01-Apr-22,560001,p9,0.45,986
01-Apr-22,560001,p10,0.6,987
01-Apr-22,600001,p8,0.86,988
01-Apr-22,600001,p9,0.49,989
01-Apr-22,600001,p10,0.49,990
01-Apr-22,500001,p8,0.71,991
01-Apr-22,500001,p9,0.4,992
01-Apr-22,500001,p10,0.24,993
01-Apr-22,411001,p8,1.3,994
01-Apr-22,411001,p9,0.81,995
01-Apr-22,411001,p10,0.16,996
01-Apr-22,380001,p8,0.62,997
01-Apr-22,380001,p9,0.53,998
01-Apr-22,380001,p10,0.18,999
01-Apr-22,302001,p8,0.42,1000
01-Apr-22,302001,p9,0.19,1001
01-Apr-22,302001,p10,0.14,1002
01-Apr-22,226001,p8,0.36,1003
01-Apr-22,226001,p9,0.27,1004
01-Apr-22,226001,p10,0.09,1005
01-Apr-22,800008,p8,0.39,1006
01-Apr-22,800008,p9,0.19,1007
01-Apr-22,800008,p10,0.16,1008
01-Apr-22,641001,p8,0.22,1009
01-Apr-22,641001,p9,0.13,1010
01-Apr-22,641001,p10,0.13,1011
01-Apr-22,160017,p8,0.29,1012
01-Apr-22,160017,p9,0.18,1013
01-Apr-22,160017,p10,0.11,1014
01-Apr-22,122001,p8,0.14,1015
01-Apr-22,122001,p9,0.1,1016
01-Apr-22,122001,p10,0.05,1017
01-Apr-22,492001,p8,0.11,1018
01-Apr-22,492001,p9,0.08,1019
01-Apr-22,492001,p10,0.05,1020
01-Jun-22,400001,p11,7.24,1021
01-Jun-22,400001,p12,4.4,1022
01-Jun-22,400001,p13,1.29,1023
01-Jun-22,110001,p11,4.42,1024
01-Jun-22,110001,p12,2.94,1025
01-Jun-22,110001,p13,1.18,1026
01-Jun-22,700001,p11,4.03,1027
01-Jun-22,700001,p12,2.55,1028
01-Jun-22,700001,p13,0.67,1029
01-Jun-22,560001,p11,4.34,1030
01-Jun-22,560001,p12,2.73,1031
01-Jun-22,560001,p13,0.48,1032
01-Jun-22,600001,p11,4.36,1033
01-Jun-22,600001,p12,2.25,1034
01-Jun-22,600001,p13,0.93,1035
01-Jun-22,500001,p11,3.19,1036
01-Jun-22,500001,p12,2.09,1037
01-Jun-22,500001,p13,0.55,1038
01-Jun-22,411001,p11,2.79,1039
01-Jun-22,411001,p12,1.71,1040
01-Jun-22,411001,p13,0.36,1041
01-Jun-22,380001,p11,2.67,1042
01-Jun-22,380001,p12,1.45,1043
01-Jun-22,380001,p13,0.57,1044
01-Jun-22,302001,p11,2.53,1045
01-Jun-22,302001,p12,1.55,1046
01-Jun-22,302001,p13,0.33,1047
01-Jun-22,226001,p11,1.24,1048
01-Jun-22,226001,p12,0.79,1049
01-Jun-22,226001,p13,0.12,1050
01-Jun-22,800008,p11,1.76,1051
01-Jun-22,800008,p12,1.18,1052
01-Jun-22,800008,p13,0.26,1053
01-Jun-22,641001,p11,0.89,1054
01-Jun-22,641001,p12,0.58,1055
01-Jun-22,641001,p13,0.14,1056
01-Jun-22,160017,p11,0.79,1057
01-Jun-22,160017,p12,0.5,1058
01-Jun-22,160017,p13,0.1,1059
01-Jun-22,122001,p11,0.61,1060
01-Jun-22,122001,p12,0.4,1061
01-Jun-22,122001,p13,0.12,1062
01-Jun-22,492001,p11,0.57,1063
01-Jun-22,492001,p12,0.39,1064
01-Jun-22,492001,p13,0.11,1065
01-Jul-22,400001,p11,6.03,1066
01-Jul-22,400001,p12,4.47,1067
01-Jul-22,400001,p13,0.89,1068
01-Jul-22,110001,p11,6.87,1069
01-Jul-22,110001,p12,3.95,1070
01-Jul-22,110001,p13,1.46,1071
01-Jul-22,700001,p11,3.82,1072
01-Jul-22,700001,p12,2.73,1073
01-Jul-22,700001,p13,0.68,1074
01-Jul-22,560001,p11,5.37,1075
01-Jul-22,560001,p12,2.77,1076
01-Jul-22,560001,p13,1.14,1077
01-Jul-22,600001,p11,6.86,1078
01-Jul-22,600001,p12,3.76,1079
01-Jul-22,600001,p13,0.66,1080
01-Jul-22,500001,p11,4.34,1081
01-Jul-22,500001,p12,2.71,1082
01-Jul-22,500001,p13,0.41,1083
01-Jul-22,411001,p11,3.36,1084
01-Jul-22,411001,p12,2.04,1085
01-Jul-22,411001,p13,0.51,1086
01-Jul-22,380001,p11,2.62,1087
01-Jul-22,380001,p12,1.43,1088
01-Jul-22,380001,p13,0.4,1089
01-Jul-22,302001,p11,1.66,1090
01-Jul-22,302001,p12,1.05,1091
01-Jul-22,302001,p13,0.39,1092
01-Jul-22,226001,p11,2.82,1093
01-Jul-22,226001,p12,1.82,1094
01-Jul-22,226001,p13,0.55,1095
01-Jul-22,800008,p11,1.12,1096
01-Jul-22,800008,p12,0.8,1097
01-Jul-22,800008,p13,0.32,1098
01-Jul-22,641001,p11,1.4,1099
01-Jul-22,641001,p12,0.93,1100
01-Jul-22,641001,p13,0.28,1101
01-Jul-22,160017,p11,0.7,1102
01-Jul-22,160017,p12,0.49,1103
01-Jul-22,160017,p13,0.17,1104
01-Jul-22,122001,p11,1.1,1105
01-Jul-22,122001,p12,0.7,1106
01-Jul-22,122001,p13,0.29,1107
01-Jul-22,492001,p11,0.5,1108
01-Jul-22,492001,p12,0.33,1109
01-Jul-22,492001,p13,0.07,1110
01-Aug-22,400001,p11,5.46,1111
01-Aug-22,400001,p12,3.84,1112
01-Aug-22,400001,p13,1.01,1113
01-Aug-22,110001,p11,5.24,1114
01-Aug-22,110001,p12,3.55,1115
01-Aug-22,110001,p13,0.75,1116
01-Aug-22,700001,p11,9.01,1117
01-Aug-22,700001,p12,5.73,1118
01-Aug-22,700001,p13,1.36,1119
01-Aug-22,560001,p11,5.33,1120
01-Aug-22,560001,p12,3.16,1121
01-Aug-22,560001,p13,1,1122
01-Aug-22,600001,p11,3.98,1123
01-Aug-22,600001,p12,2.17,1124
01-Aug-22,600001,p13,0.6,1125
01-Aug-22,500001,p11,3.2,1126
01-Aug-22,500001,p12,1.99,1127
01-Aug-22,500001,p13,0.44,1128
01-Aug-22,411001,p11,3.39,1129
01-Aug-22,411001,p12,2.15,1130
01-Aug-22,411001,p13,0.68,1131
01-Aug-22,380001,p11,3.21,1132
01-Aug-22,380001,p12,2.32,1133
01-Aug-22,380001,p13,0.77,1134
01-Aug-22,302001,p11,1.86,1135
01-Aug-22,302001,p12,1.13,1136
01-Aug-22,302001,p13,0.33,1137
01-Aug-22,226001,p11,1.64,1138
01-Aug-22,226001,p12,1.21,1139
01-Aug-22,226001,p13,0.24,1140
01-Aug-22,800008,p11,1.2,1141
01-Aug-22,800008,p12,0.81,1142
01-Aug-22,800008,p13,0.26,1143
01-Aug-22,641001,p11,2.17,1144
01-Aug-22,641001,p12,1.36,1145
01-Aug-22,641001,p13,0.41,1146
01-Aug-22,160017,p11,0.93,1147
01-Aug-22,160017,p12,0.55,1148
01-Aug-22,160017,p13,0.11,1149
01-Aug-22,122001,p11,0.73,1150
01-Aug-22,122001,p12,0.41,1151
01-Aug-22,122001,p13,0.11,1152
01-Aug-22,492001,p11,0.44,1153
01-Aug-22,492001,p12,0.26,1154
01-Aug-22,492001,p13,0.1,1155
01-Sep-22,400001,p11,7.36,1156
01-Sep-22,400001,p12,4.51,1157
01-Sep-22,400001,p13,1.19,1158
01-Sep-22,110001,p11,6.69,1159
01-Sep-22,110001,p12,3.85,1160
01-Sep-22,110001,p13,0.61,1161
01-Sep-22,700001,p11,5.71,1162
01-Sep-22,700001,p12,3.46,1163
01-Sep-22,700001,p13,1.04,1164
01-Sep-22,560001,p11,4.29,1165
01-Sep-22,560001,p12,3.11,1166
01-Sep-22,560001,p13,0.59,1167
01-Sep-22,600001,p11,3.62,1168
01-Sep-22,600001,p12,2.26,1169
01-Sep-22,600001,p13,0.34,1170
01-Sep-22,500001,p11,2.9,1171
01-Sep-22,500001,p12,1.97,1172
01-Sep-22,500001,p13,0.75,1173
01-Sep-22,411001,p11,6.16,1174
01-Sep-22,411001,p12,3.62,1175
01-Sep-22,411001,p13,1.27,1176
01-Sep-22,380001,p11,2.78,1177
01-Sep-22,380001,p12,1.56,1178
01-Sep-22,380001,p13,0.69,1179
01-Sep-22,302001,p11,2.06,1180
01-Sep-22,302001,p12,1.35,1181
01-Sep-22,302001,p13,0.19,1182
01-Sep-22,226001,p11,1.66,1183
01-Sep-22,226001,p12,1.09,1184
01-Sep-22,226001,p13,0.46,1185
01-Sep-22,800008,p11,1.41,1186
01-Sep-22,800008,p12,1.02,1187
01-Sep-22,800008,p13,0.19,1188
01-Sep-22,641001,p11,1.1,1189
01-Sep-22,641001,p12,0.71,1190
01-Sep-22,641001,p13,0.21,1191
01-Sep-22,160017,p11,1.16,1192
01-Sep-22,160017,p12,0.77,1193
01-Sep-22,160017,p13,0.15,1194
01-Sep-22,122001,p11,0.78,1195
01-Sep-22,122001,p12,0.43,1196
01-Sep-22,122001,p13,0.09,1197
01-Sep-22,492001,p11,0.48,1198
01-Sep-22,492001,p12,0.29,1199
01-Sep-22,492001,p13,0.08,1200
